date,nombre_d_offres_d_emploi
1996-01,3800
1996-02,4200
1996-03,4500
1996-04,3800
1996-05,3600
1996-06,3700
1996-07,4100
1996-08,2700
1996-09,3800
1996-10,4100
1996-11,3400
1996-12,4100
1997-01,5100
1997-02,5300
1997-03,5400
1997-04,6100
1997-05,4900
1997-06,5800
1997-07,5100
1997-08,3500
1997-09,7200
1997-10,6900
1997-11,5600
1997-12,5000
1998-01,6300
1998-02,6500
1998-03,6700
1998-04,6400
1998-05,5500
1998-06,6700
1998-07,6300
1998-08,4300
1998-09,6300
1998-10,6100
1998-11,5400
1998-12,4700
1999-01,5900
1999-02,6400
1999-03,6300
1999-04,6200
1999-05,5600
1999-06,6800
1999-07,5700
1999-08,4800
1999-09,6500
1999-10,5900
1999-11,5500
1999-12,5200
2000-01,6100
2000-02,6700
2000-03,7500
2000-04,6000
2000-05,7100
2000-06,6400
2000-07,7600
2000-08,5700
2000-09,6700
2000-10,7000
2000-11,6500
2000-12,5400
2001-01,7300
2001-02,6900
2001-03,7100
2001-04,6000
2001-05,6600
2001-06,6500
2001-07,6800
2001-08,5200
2001-09,5900
2001-10,6500
2001-11,5600
2001-12,4600
2002-01,5800
2002-02,5900
2002-03,6100
2002-04,5700
2002-05,5300
2002-06,5700
2002-07,6100
2002-08,3900
2002-09,5400
2002-10,5900
2002-11,5000
2002-12,4600
2003-01,5800
2003-02,5900
2003-03,5800
2003-04,5600
2003-05,5000
2003-06,5600
2003-07,6100
2003-08,4000
2003-09,6300
2003-10,6500
2003-11,5400
2003-12,5500
2004-01,6600
2004-02,6300
2004-03,7500
2004-04,6700
2004-05,6400
2004-06,7700
2004-07,6700
2004-08,5400
2004-09,7600
2004-10,7300
2004-11,7100
2004-12,6400
2005-01,8200
2005-02,7700
2005-03,8900
2005-04,8900
2005-05,8100
2005-06,9100
2005-07,7900
2005-08,6500
2005-09,9800
2005-10,8300
2005-11,8200
2005-12,7400
2006-01,9200
2006-02,8700
2006-03,10400
2006-04,7800
2006-05,8700
2006-06,10000
2006-07,7700
2006-08,6800
2006-09,9000
2006-10,9300
2006-11,8700
2006-12,7400
2007-01,9700
2007-02,9200
2007-03,10000
2007-04,8500
2007-05,8300
2007-06,9900
2007-07,9100
2007-08,6900
2007-09,9000
2007-10,9900
2007-11,8300
2007-12,7200
2008-01,9400
2008-02,9200
2008-03,8800
2008-04,9600
2008-05,8500
2008-06,9100
2008-07,8900
2008-08,5500
2008-09,8800
2008-10,8900
2008-11,5700
2008-12,6100
2009-01,6000
2009-02,6100
2009-03,6100
2009-04,5400
2009-05,4700
2009-06,6300
2009-07,5500
2009-08,4000
2009-09,6300
2009-10,6200
2009-11,5600
2009-12,5400
2010-01,5800
2010-02,5800
2010-03,7500
2010-04,6900
2010-05,5900
2010-06,7700
2010-07,6700
2010-08,5200
2010-09,7300
2010-10,7100
2010-11,6300
2010-12,6200
2011-01,7000
2011-02,7300
2011-03,8800
2011-04,7300
2011-05,8600
2011-06,7600
2011-07,7400
2011-08,6400
2011-09,9000
2011-10,8300
2011-11,7700
2011-12,6100
2012-01,8700
2012-02,7500
2012-03,7900
2012-04,6600
2012-05,7200
2012-06,7800
2012-07,7300
2012-08,5200
2012-09,6500
2012-10,7500
2012-11,5600
2012-12,4800
2013-01,6700
2013-02,6400
2013-03,6400
2013-04,6900
2013-05,5600
2013-06,5800
2013-07,6800
2013-08,4500
2013-09,6500
2013-10,7000
2013-11,5800
2013-12,5300
2014-01,7200
2014-02,6500
2014-03,6900
2014-04,7700
2014-05,5500
2014-06,6500
2014-07,6500
2014-08,4400
2014-09,7300
2014-10,7200
2014-11,5900
2014-12,5600
2015-01,7100
2015-02,6600
2015-03,7300
2015-04,7100
2015-05,5900
2015-06,7900
2015-07,8000
2015-08,5500
2015-09,8700
2015-10,8100
2015-11,7400
2015-12,6700
2016-01,8300
2016-02,8300
2016-03,9100
2016-04,8600
2016-05,7900
2016-06,8100
2016-07,7300
2016-08,6500
2016-09,10200
2016-10,8700
2016-11,8700
2016-12,8000
2017-01,10000
2017-02,9300
2017-03,11200
2017-04,9700
2017-05,10900
2017-06,11500
2017-07,10600
2017-08,8800
2017-09,11600
2017-10,11500
2017-11,10500
2017-12,9300
2018-01,13000
2018-02,11400
2018-03,13300
2018-04,11800
2018-05,11500
2018-06,12200
2018-07,12000
2018-08,9500
2018-09,11600
2018-10,12500
2018-11,10700
2018-12,8900
2019-01,12600
2019-02,10900
2019-03,11600
2019-04,11500
2019-05,11300
2019-06,9900
2019-07,12500
2019-08,7400
2019-09,11200
2019-10,11100
2019-11,9500
2019-12,8700
2020-01,11400
2020-02,9700
2020-03,7300
2020-04,4600
2020-05,4700
2020-06,7400
2020-07,7600
2020-08,4900
2020-09,8600
2020-10,7500
2020-11,7900
2020-12,7500
2021-01,9100
2021-02,8100
2021-03,10500
2021-04,9600
2021-05,9700
2021-06,11800
2021-07,10900
2021-08,9300
2021-09,13500
2021-10,13200
2021-11,13900
2021-12,12600
2022-01,16400
2022-02,14500
2022-03,17900
2022-04,16000
2022-05,16200
2022-06,16700
2022-07,16000
2022-08,14600
2022-09,19000
2022-10,16500
2022-11,18700
2022-12,16000
2023-01,19800
2023-02,17500
2023-03,21100
2023-04,15800
2023-05,17200
2023-06,18400
2023-07,16500
2023-08,14100
2023-09,18500
2023-10,17500
2023-11,16800
2023-12,14200
2024-01,17900
2024-02,17300
2024-03,16200
2024-04,15800
2024-05,14400
2024-06,14200
2024-07,17100
2024-08,11700
2024-09,15100
2024-10,15800
2024-11,13400
2024-12,11500
2025-01,14600
2025-02,12000
2025-03,13200
2025-04,12300
2025-05,11000
2025-06,12500
2025-07,13300
2025-08,8500
2025-09,12300
2025-10,11800
2025-11,9900
2025-12,10000
2026-01,11500
2026-02,10800
2026-03,12300
2026-04,10700
2026-05,9300
2026-06,11900
2026-07,12000
