date,climat_affaires
1996-01,89.2
1996-02,90.6
1996-03,93.9
1996-04,94.6
1996-05,91.0
1996-06,89.8
1996-07,88.7
1996-08,89.0
1996-09,89.6
1996-10,90.5
1996-11,92.2
1996-12,93.8
1997-01,97.8
1997-02,100.1
1997-03,99.6
1997-04,98.2
1997-05,97.2
1997-06,99.0
1997-07,99.1
1997-08,102.0
1997-09,105.9
1997-10,103.7
1997-11,106.4
1997-12,108.8
1998-01,108.0
1998-02,109.9
1998-03,112.9
1998-04,110.4
1998-05,112.3
1998-06,114.5
1998-07,112.2
1998-08,111.1
1998-09,108.3
1998-10,105.3
1998-11,103.4
1998-12,99.9
1999-01,101.2
1999-02,102.5
1999-03,100.5
1999-04,103.4
1999-05,105.3
1999-06,104.6
1999-07,107.8
1999-08,111.5
1999-09,115.3
1999-10,117.8
1999-11,118.8
1999-12,121.2
2000-01,115.9
2000-02,116.1
2000-03,116.9
2000-04,116.0
2000-05,115.5
2000-06,117.2
2000-07,117.0
2000-08,118.2
2000-09,118.6
2000-10,116.8
2000-11,114.7
2000-12,114.7
2001-01,113.2
2001-02,112.9
2001-03,113.6
2001-04,108.0
2001-05,105.2
2001-06,104.4
2001-07,102.4
2001-08,101.0
2001-09,98.9
2001-10,94.9
2001-11,95.0
2001-12,95.7
2002-01,97.6
2002-02,98.9
2002-03,100.2
2002-04,102.8
2002-05,103.4
2002-06,102.3
2002-07,100.1
2002-08,99.0
2002-09,97.5
2002-10,96.3
2002-11,98.4
2002-12,99.7
2003-01,96.4
2003-02,95.1
2003-03,89.1
2003-04,86.5
2003-05,92.1
2003-06,92.6
2003-07,94.7
2003-08,95.6
2003-09,95.3
2003-10,95.5
2003-11,98.7
2003-12,99.9
2004-01,104.1
2004-02,102.8
2004-03,102.6
2004-04,103.1
2004-05,103.6
2004-06,103.0
2004-07,104.7
2004-08,104.9
2004-09,104.8
2004-10,105.6
2004-11,103.6
2004-12,105.0
2005-01,104.0
2005-02,104.6
2005-03,104.7
2005-04,103.7
2005-05,101.1
2005-06,102.2
2005-07,101.9
2005-08,101.7
2005-09,101.0
2005-10,104.0
2005-11,103.4
2005-12,105.1
2006-01,106.6
2006-02,104.2
2006-03,104.6
2006-04,105.2
2006-05,107.0
2006-06,106.6
2006-07,108.7
2006-08,109.2
2006-09,109.8
2006-10,109.9
2006-11,111.7
2006-12,110.1
2007-01,110.1
2007-02,111.9
2007-03,112.3
2007-04,112.9
2007-05,113.2
2007-06,114.2
2007-07,113.4
2007-08,112.3
2007-09,111.6
2007-10,110.3
2007-11,110.5
2007-12,110.3
2008-01,109.7
2008-02,108.6
2008-03,108.5
2008-04,106.1
2008-05,103.4
2008-06,99.9
2008-07,96.1
2008-08,94.8
2008-09,92.4
2008-10,82.7
2008-11,79.1
2008-12,76.1
2009-01,74.4
2009-02,72.6
2009-03,68.9
2009-04,70.7
2009-05,73.9
2009-06,77.5
2009-07,79.7
2009-08,82.9
2009-09,85.9
2009-10,88.8
2009-11,90.6
2009-12,90.7
2010-01,92.3
2010-02,92.9
2010-03,92.1
2010-04,96.2
2010-05,97.4
2010-06,96.9
2010-07,98.7
2010-08,100.9
2010-09,103.0
2010-10,104.9
2010-11,105.7
2010-12,107.4
2011-01,108.3
2011-02,109.5
2011-03,110.1
2011-04,109.1
2011-05,108.4
2011-06,108.1
2011-07,106.6
2011-08,101.4
2011-09,98.6
2011-10,97.6
2011-11,95.5
2011-12,94.3
2012-01,92.8
2012-02,92.8
2012-03,95.4
2012-04,97.3
2012-05,92.9
2012-06,91.6
2012-07,90.7
2012-08,89.4
2012-09,87.9
2012-10,85.9
2012-11,87.4
2012-12,88.3
2013-01,87.7
2013-02,87.8
2013-03,85.7
2013-04,84.2
2013-05,85.3
2013-06,86.7
2013-07,88.5
2013-08,91.8
2013-09,95.8
2013-10,95.4
2013-11,95.0
2013-12,94.3
2014-01,95.7
2014-02,95.3
2014-03,96.5
2014-04,96.4
2014-05,95.8
2014-06,95.2
2014-07,94.5
2014-08,93.0
2014-09,92.0
2014-10,91.9
2014-11,93.8
2014-12,94.0
2015-01,94.9
2015-02,95.9
2015-03,97.1
2015-04,98.7
2015-05,99.8
2015-06,100.9
2015-07,101.4
2015-08,103.2
2015-09,102.4
2015-10,103.2
2015-11,103.3
2015-12,101.8
2016-01,104.4
2016-02,103.3
2016-03,103.2
2016-04,102.5
2016-05,104.6
2016-06,103.2
2016-07,104.0
2016-08,103.6
2016-09,103.7
2016-10,103.8
2016-11,103.9
2016-12,106.3
2017-01,106.2
2017-02,107.1
2017-03,106.7
2017-04,107.5
2017-05,107.9
2017-06,108.9
2017-07,109.9
2017-08,110.7
2017-09,111.2
2017-10,111.1
2017-11,112.2
2017-12,113.5
2018-01,113.0
2018-02,112.0
2018-03,111.9
2018-04,111.5
2018-05,109.7
2018-06,109.1
2018-07,108.2
2018-08,107.8
2018-09,107.4
2018-10,106.5
2018-11,106.9
2018-12,103.8
2019-01,104.5
2019-02,104.7
2019-03,106.4
2019-04,107.5
2019-05,107.3
2019-06,107.1
2019-07,106.2
2019-08,106.3
2019-09,106.9
2019-10,106.9
2019-11,107.0
2019-12,106.7
2020-01,106.7
2020-02,106.1
2020-03,93.8
2020-04,45.4
2020-05,58.4
2020-06,84.8
2020-07,90.8
2020-08,94.3
2020-09,93.6
2020-10,90.1
2020-11,77.5
2020-12,92.9
2021-01,93.9
2021-02,90.7
2021-03,98.1
2021-04,97.0
2021-05,111.2
2021-06,115.9
2021-07,113.7
2021-08,111.3
2021-09,112.1
2021-10,114.5
2021-11,115.2
2021-12,110.5
2022-01,108.8
2022-02,113.9
2022-03,107.4
2022-04,107.0
2022-05,106.5
2022-06,104.9
2022-07,103.7
2022-08,104.2
2022-09,102.3
2022-10,103.1
2022-11,102.8
2022-12,103.3
2023-01,102.6
2023-02,103.3
2023-03,103.0
2023-04,103.4
2023-05,100.8
2023-06,100.9
2023-07,100.8
2023-08,100.5
2023-09,100.0
2023-10,99.1
2023-11,98.1
2023-12,98.7
2024-01,99.2
2024-02,98.7
2024-03,100.2
2024-04,99.6
2024-05,100.0
2024-06,99.7
2024-07,94.5
2024-08,97.1
2024-09,97.7
2024-10,97.7
2024-11,96.0
2024-12,94.7
2025-01,95.2
2025-02,95.8
2025-03,96.6
2025-04,96.7
2025-05,95.6
2025-06,96.0
2025-07,96.0
2025-08,96.7
2025-09,96.3
2025-10,97.3
2025-11,97.5
2025-12,98.4
2026-01,99.2
2026-02,98.6
2026-03,97.5
2026-04,94.1
2026-05,93.9
2026-06,95.0
2026-07,97.3
2026-08,98.1
